duration,x^0,x^1,x^2,x^3,x^4,x^5,x^6,x^7,y^0,y^1,y^2,y^3,y^4,y^5,y^6,y^7,z^0,z^1,z^2,z^3,z^4,z^5,z^6,z^7,yaw^0,yaw^1,yaw^2,yaw^3,yaw^4,yaw^5,yaw^6,yaw^7,
1.000000,-0.000000,-0.000000,0.000000,2.749656,-1.920251,0.062881,0.069575,0.038137,-0.000000,0.000000,0.000000,3.812922,-3.227407,0.199394,0.143581,0.071509,0.000000,-0.000000,-0.000000,-0.812803,0.987820,-0.096000,-0.054148,-0.024870,0.000000,0.000000,0.000000,0.000000,0.000000,0.000000,0.000000,0.000000,
1.000000,1.000000,1.566788,-0.799205,-1.576218,0.772594,0.062866,-0.014400,-0.012424,1.000000,0.888163,-2.276317,-1.728310,2.426111,-0.146309,-0.109831,-0.053508,-0.000000,0.533899,1.194035,0.225087,-1.174832,0.130310,0.063539,0.027962,0.000000,0.000000,0.000000,0.000000,0.000000,0.000000,0.000000,0.000000,
1.000000,1.000000,-1.528941,-0.740544,1.419971,0.436078,-0.488503,-0.134745,0.036684,0.000000,-0.910038,2.861209,2.443659,-1.825669,-3.146470,0.149492,1.427817,1.000000,0.126421,-2.336307,-0.921688,1.408477,1.771453,-0.158576,-0.889780,0.000000,0.000000,0.000000,0.000000,0.000000,0.000000,0.000000,0.000000,
